{
  "gear_data": {
    "module": 1.859,
    "teeth": 87,
    "helix_angle": 25.3,
    "pressure_angle": 18.6,
    "profile_meas_start": 174.24,
    "profile_eval_start": 174.822,
    "profile_eval_end": 180.603,
    "profile_meas_end": 182.775
  },
  "base_diameter": 167.65320529041674,
  "lu": 24.774656606345655,
  "lo": 33.577694846614264,
  "eval_length": 8.80303824026861,
  "orders": [
    88,
    89,
    90,
    171,
    258,
    345,
    432,
    497,
    498,
    499,
    500
  ],
  "amplitudes": [
    0.0,
    0.0,
    0.0,
    0.0,
    0.0,
    0.0,
    0.0,
    0.0,
    0.0,
    0.0,
    0.0
  ]
}